{"cameraMode":{"drawMode":0,"name":"Shaded","section":"Shading Mode"},"sceneLighting":true,"audioPlay":false,"sceneViewState":{"showFog":true,"showMaterialUpdate":true,"showSkybox":true,"showFlares":true,"showImageEffects":true,"showParticleSystems":true},"in2DMode":false,"pivot":{"x":0.782834529876709,"y":2.1329715251922609,"z":1.468213438987732},"rotation":{"x":0.13448694348335267,"y":-0.16442550718784333,"z":0.022714998573064805,"w":0.9769676923751831},"size":1.691882610321045,"orthographic":false}