{"cameraMode":{"drawMode":0,"name":"Shaded","section":"Shading Mode"},"sceneLighting":true,"audioPlay":false,"sceneViewState":{"showFog":true,"showMaterialUpdate":true,"showSkybox":true,"showFlares":true,"showImageEffects":true,"showParticleSystems":true},"in2DMode":false,"pivot":{"x":0.4449999928474426,"y":1.2557647228240967,"z":1.4727389812469483},"rotation":{"x":-0.29420915246009829,"y":0.6959559917449951,"z":-0.3882904350757599,"w":-0.5276527404785156},"size":1.242314338684082,"orthographic":false}