{"cameraMode":{"drawMode":0,"name":"Shaded","section":"Shading Mode"},"sceneLighting":false,"audioPlay":false,"sceneViewState":{"showFog":true,"showMaterialUpdate":true,"showSkybox":false,"showFlares":true,"showImageEffects":true,"showParticleSystems":true},"in2DMode":false,"pivot":{"x":0.01600000262260437,"y":1.0,"z":0.9830671548843384},"rotation":{"x":-0.09625645726919174,"y":0.3318997621536255,"z":-0.03415902704000473,"w":-0.9378238916397095},"size":4.301798343658447,"orthographic":false}