{"cameraMode":{"drawMode":0,"name":"Shaded","section":"Shading Mode"},"sceneLighting":true,"audioPlay":false,"sceneViewState":{"showFog":true,"showMaterialUpdate":true,"showSkybox":true,"showFlares":true,"showImageEffects":true,"showParticleSystems":true},"in2DMode":false,"pivot":{"x":5.7797040939331059,"y":-0.1917719841003418,"z":9.204261779785157},"rotation":{"x":-0.06149299070239067,"y":-0.8886858224868774,"z":0.12505650520324708,"w":-0.43686026334762576},"size":16.258955001831056,"orthographic":false}