{"cameraMode":{"drawMode":0,"name":"Shaded","section":"Shading Mode"},"sceneLighting":true,"audioPlay":false,"sceneViewState":{"showFog":false,"showMaterialUpdate":false,"showSkybox":false,"showFlares":false,"showImageEffects":false,"showParticleSystems":false},"in2DMode":false,"pivot":{"x":0.0,"y":1.0032048225402833,"z":3.0460000038146974},"rotation":{"x":0.00013664014113601297,"y":0.9995501637458801,"z":-0.03180698677897453,"w":0.0020420579239726068},"size":4.041658401489258,"orthographic":false}