{"cameraMode":{"drawMode":0,"name":"Shaded","section":"Shading Mode"},"sceneLighting":true,"audioPlay":false,"sceneViewState":{"showFog":false,"showMaterialUpdate":false,"showSkybox":false,"showFlares":false,"showImageEffects":false,"showParticleSystems":false},"in2DMode":false,"pivot":{"x":0.10500001907348633,"y":1.0450000762939454,"z":1.0018337965011597},"rotation":{"x":-0.9969278573989868,"y":-0.0005609490908682346,"z":-0.01613752171397209,"w":0.07794545590877533},"size":4.568032264709473,"orthographic":false}